id;nombre;apellido;fecha_nac;clave;usuario
1;middleware;Garden;2020-07-03;Granite copy synthesizing;overriding cultivate
2;empowering;eco-centric orchid;2020-07-03;parse explicit;Planner ivory New York
3;recontextualize Strategist Buckinghamshire;impactful vortals Practical;2020-07-03;PNG Tools optical;haptic Car systematic
4;Licensed calculating;Assurance;2020-07-03;Metrics;yellow sensor
5;payment Guyana Dollar brand;Managed Comoro Franc digital;2020-07-03;New Hampshire Missouri Security;Beauty uniform
6;Gorgeous;Organic frame;2020-07-03;syndicate;relationships
7;Chief Checking Account Estates;brand;2020-07-03;Massachusetts dot-com Graphic Interface;SDD generate
8;Handmade Soft Bike monitor;Frozen encryption;2020-07-03;Honduras;Savings Account
9;Ameliorated;mobile transparent;2020-07-03;Generic Steel Chair Avon;Granite Station Borders
10;Arkansas end-to-end silver;Digitized system Tasty Soft Bike;2020-07-03;Baby;Mouse
